City,Latitude,Longitude,Max Temp,Humidity,Cloudiness,Wind Speed,Country,Date
ust-kuyga,70.0167,135.6,20.84,94.0,100.0,9.75,RU,1665266501.0
punta arenas,-53.15,-70.9167,46.51,66.0,75.0,19.57,CL,1665266397.0
hermanus,-34.4187,19.2345,53.8,85.0,77.0,8.59,ZA,1665266450.0
okakarara,-20.5833,17.4333,68.41,14.0,0.0,5.77,NA,1665266845.0
rudbar,30.15,62.6,61.61,15.0,0.0,7.99,AF,1665266846.0
marsaxlokk,35.8419,14.5431,73.08,77.0,0.0,2.3,MT,1665266814.0
hobart,-42.8794,147.3294,49.26,76.0,20.0,10.36,AU,1665266397.0
mount isa,-20.7333,139.5,64.17,48.0,0.0,14.97,AU,1665266496.0
mataura,-46.1927,168.8643,56.32,50.0,87.0,4.92,NZ,1665266398.0
jinchang,38.4953,102.1739,33.58,35.0,0.0,5.46,CN,1665266739.0
tasiilaq,65.6145,-37.6368,23.67,98.0,94.0,5.68,GL,1665266399.0
port alfred,-33.5906,26.891,59.18,91.0,14.0,1.01,ZA,1665266455.0
bluff,-46.6,168.3333,56.55,58.0,79.0,16.96,NZ,1665266402.0
new norfolk,-42.7826,147.0587,48.92,55.0,56.0,2.8,AU,1665266455.0
saint-augustin,51.226,-58.6502,49.53,92.0,100.0,7.83,CA,1665266337.0
kruisfontein,-34.0033,24.7314,54.88,80.0,3.0,7.11,ZA,1665266625.0
wageningen,51.9667,5.6667,47.95,93.0,6.0,3.44,NL,1665266767.0
kapaa,22.0752,-159.319,85.98,68.0,0.0,13.8,US,1665266846.0
ushuaia,-54.8,-68.3,46.06,71.0,40.0,5.75,AR,1665266846.0
severo-kurilsk,50.6789,156.125,44.13,74.0,99.0,12.84,RU,1665266846.0
jefferson city,38.5767,-92.1735,65.5,23.0,0.0,7.0,US,1665266847.0
barrow,71.2906,-156.7887,30.22,93.0,100.0,5.75,US,1665266847.0
polunochnoye,60.8697,60.4153,38.46,88.0,31.0,5.37,RU,1665266847.0
rikitea,-23.1203,-134.9692,70.84,69.0,43.0,18.88,PF,1665266847.0
sumbe,-11.2061,13.8437,74.14,87.0,95.0,8.7,AO,1665266847.0
north bend,43.4065,-124.2243,64.17,94.0,100.0,11.5,US,1665266847.0
airai,-8.9266,125.4092,62.64,74.0,91.0,3.15,TL,1665266848.0
synya,65.3718,58.0387,42.12,92.0,100.0,11.01,RU,1665266848.0
atuona,-9.8,-139.0333,76.95,73.0,17.0,18.92,PF,1665266848.0
kalmar,56.6616,16.3616,48.96,92.0,32.0,8.05,SE,1665266848.0
port lincoln,-34.7333,135.8667,51.96,72.0,39.0,4.07,AU,1665266848.0
santa helena de goias,-17.8136,-50.5969,84.34,45.0,87.0,5.39,BR,1665266848.0
vao,-22.6667,167.4833,73.35,81.0,15.0,21.65,NC,1665266848.0
ancud,-41.8697,-73.8203,48.87,65.0,8.0,9.4,CL,1665266848.0
esso,55.9333,158.7,29.39,84.0,37.0,3.56,RU,1665266848.0
sussex,41.1834,-74.6663,53.73,59.0,0.0,3.44,US,1665266848.0
yellowknife,62.456,-114.3525,51.57,76.0,100.0,7.16,CA,1665266848.0
ixtapa,20.7,-105.2,87.22,62.0,0.0,9.22,MX,1665266849.0
payo,-3.7508,103.6372,71.67,94.0,100.0,1.63,ID,1665266849.0
ishigaki,24.3448,124.1572,80.1,78.0,57.0,14.56,JP,1665266849.0
kodiak,57.79,-152.4072,53.11,76.0,100.0,10.36,US,1665266849.0
arraial do cabo,-22.9661,-42.0278,70.29,87.0,100.0,12.01,BR,1665266849.0
hithadhoo,-0.6,73.0833,81.01,74.0,30.0,13.8,MV,1665266477.0
karasjok,69.4719,25.5112,36.81,93.0,100.0,5.95,NO,1665266850.0
souillac,-20.5167,57.5167,70.18,68.0,20.0,12.66,MU,1665266482.0
bredasdorp,-34.5322,20.0403,53.62,90.0,98.0,0.6,ZA,1665266438.0
les cayes,18.2,-73.75,83.23,74.0,94.0,8.7,HT,1665266855.0
cape town,-33.9258,18.4232,61.92,81.0,20.0,18.41,ZA,1665266192.0
galesong,-5.3166,119.3661,75.22,78.0,98.0,8.75,ID,1665266855.0
kamenka,51.3223,42.7678,48.61,72.0,0.0,6.53,RU,1665266855.0
shumskiy,54.8318,99.1328,29.55,80.0,100.0,4.21,RU,1665266855.0
tuatapere,-46.1333,167.6833,56.53,62.0,99.0,8.63,NZ,1665266483.0
dongsheng,39.8161,109.9776,26.8,55.0,0.0,21.65,CN,1665266604.0
puerto ayora,-0.7393,-90.3518,76.96,88.0,80.0,10.0,EC,1665266179.0
waingapu,-9.6567,120.2641,79.79,83.0,66.0,6.22,ID,1665266855.0
dunedin,-45.8742,170.5036,55.53,57.0,83.0,2.77,NZ,1665266345.0
marystown,47.1666,-55.1483,55.67,97.0,100.0,8.3,CA,1665266856.0
neiafu,-18.65,-173.9833,77.68,83.0,75.0,16.11,TO,1665266856.0
praia da vitoria,38.7333,-27.0667,71.76,89.0,36.0,6.96,PT,1665266856.0
westport,41.1415,-73.3579,57.81,57.0,20.0,7.0,US,1665266856.0
huarmey,-10.0681,-78.1522,65.98,75.0,14.0,11.12,PE,1665266856.0
kenai,60.5544,-151.2583,51.15,98.0,100.0,0.0,US,1665266856.0
namibe,-15.1961,12.1522,69.64,86.0,100.0,4.16,AO,1665266857.0
faanui,-16.4833,-151.75,78.4,75.0,7.0,16.26,PF,1665266449.0
vila velha,-20.3297,-40.2925,75.15,88.0,75.0,11.5,BR,1665266398.0
busselton,-33.65,115.3333,55.63,75.0,71.0,4.74,AU,1665266397.0
ust-charyshskaya pristan,52.3934,83.6635,51.6,42.0,1.0,10.4,RU,1665266857.0
albany,42.6001,-73.9662,50.36,61.0,1.0,8.66,US,1665266397.0
vaini,-21.2,-175.2,74.66,75.0,100.0,27.49,TO,1665266455.0
yulara,-25.2406,130.9889,57.74,32.0,0.0,15.46,AU,1665266428.0
muros,42.7762,-9.0603,62.1,89.0,2.0,3.47,ES,1665266606.0
nikolskoye,59.7035,30.7861,51.69,83.0,100.0,9.75,RU,1665266461.0
thompson,55.7435,-97.8558,48.88,32.0,21.0,6.17,CA,1665266486.0
abilene,32.4487,-99.7331,77.18,35.0,20.0,8.05,US,1665266857.0
durango,24.8333,-104.8333,69.64,47.0,19.0,8.21,MX,1665266858.0
pevek,69.7008,170.3133,26.2,66.0,100.0,30.29,RU,1665266453.0
zhigansk,66.7697,123.3711,24.91,93.0,100.0,10.02,RU,1665266505.0
cegled,47.1727,19.7995,54.77,66.0,91.0,1.23,HU,1665266819.0
khatanga,71.9667,102.5,5.43,98.0,64.0,1.66,RU,1665266396.0
tukrah,32.5341,20.5791,70.59,62.0,1.0,6.89,LY,1665266858.0
ribeira grande,38.5167,-28.7,71.65,88.0,62.0,10.31,PT,1665266448.0
cayenne,4.9333,-52.3333,82.44,74.0,0.0,8.05,GF,1665266310.0
cururupu,-1.8283,-44.8683,77.31,83.0,48.0,4.05,BR,1665266858.0
leningradskiy,69.3833,178.4167,18.45,74.0,71.0,12.95,RU,1665266349.0
aykhal,66.0,111.5,26.96,97.0,100.0,8.72,RU,1665266488.0
brookhaven,31.5791,-90.4407,80.26,40.0,1.0,8.37,US,1665266858.0
carutapera,-1.195,-46.02,80.64,75.0,27.0,10.18,BR,1665266858.0
pasni,25.2631,63.471,82.0,27.0,0.0,11.88,PK,1665266858.0
bambanglipuro,-7.95,110.2833,76.06,91.0,98.0,4.54,ID,1665266859.0
jamestown,42.097,-79.2353,47.01,49.0,8.0,4.0,US,1665266447.0
anju,39.6178,125.6647,50.99,83.0,100.0,5.23,KP,1665266864.0
chapais,49.7834,-74.8492,33.58,97.0,100.0,10.98,CA,1665266864.0
mandera,3.9366,41.867,78.66,62.0,50.0,19.3,KE,1665266864.0
sao joao da barra,-21.6403,-41.0511,73.49,90.0,42.0,8.16,BR,1665266864.0
provideniya,64.3833,-173.3,33.6,74.0,64.0,11.81,RU,1665266448.0
zhezkazgan,47.8043,67.7144,46.6,59.0,6.0,9.33,KZ,1665266865.0
sfantu gheorghe,45.8667,25.7833,53.26,85.0,74.0,0.67,RO,1665266826.0
maksatikha,57.797,35.8825,50.72,85.0,100.0,9.84,RU,1665266865.0
kaitangata,-46.2817,169.8464,55.27,54.0,97.0,4.45,NZ,1665266466.0
husavik,66.0449,-17.3389,37.13,94.0,100.0,6.02,IS,1665266830.0
ostrovnoy,68.0531,39.5131,43.54,90.0,15.0,20.83,RU,1665266399.0
lazaro cardenas,17.9583,-102.2,85.28,72.0,17.0,10.71,MX,1665266865.0
umea,63.8284,20.2597,41.92,81.0,0.0,5.75,SE,1665266865.0
nabire,-3.3667,135.4833,78.08,89.0,99.0,2.15,ID,1665266866.0
lebu,-37.6167,-73.65,50.13,69.0,0.0,22.12,CL,1665266399.0
westerland,54.9079,8.3033,55.42,67.0,20.0,16.11,DE,1665266866.0
butaritari,3.0707,172.7902,82.0,77.0,35.0,16.35,KI,1665266482.0
katsuura,35.1333,140.3,67.64,72.0,100.0,14.56,JP,1665266493.0
asilah,35.465,-6.0348,73.36,84.0,12.0,10.22,MA,1665266866.0
tabou,4.423,-7.3528,76.17,90.0,50.0,6.46,CI,1665266866.0
paamiut,61.994,-49.6678,31.68,54.0,46.0,9.6,GL,1665266510.0
kungurtug,50.5994,97.5228,20.7,54.0,29.0,2.26,RU,1665266866.0
togur,58.3631,82.8265,40.87,90.0,49.0,2.62,RU,1665266805.0
tarabuco,-19.1667,-64.9167,66.22,17.0,10.0,18.52,BO,1665266867.0
denpasar,-8.65,115.2167,80.26,94.0,75.0,10.36,ID,1665266462.0
panama city,8.9936,-79.5197,79.29,88.0,40.0,13.8,PA,1665266867.0
maarianhamina,60.0973,19.9348,39.06,93.0,0.0,2.3,AX,1665266867.0
eirunepe,-6.6603,-69.8736,84.16,62.0,97.0,0.74,BR,1665266867.0
constantine,36.365,6.6147,69.21,60.0,75.0,6.91,DZ,1665266867.0
bandarbeyla,9.4942,50.8122,76.69,90.0,20.0,15.93,SO,1665266486.0
brae,60.3964,-1.353,52.45,86.0,100.0,20.65,GB,1665266867.0
kirundo,-2.5833,30.1667,61.79,55.0,99.0,1.86,BI,1665266867.0
kavieng,-2.5744,150.7967,83.23,67.0,100.0,15.9,PG,1665266513.0
lorengau,-2.0226,147.2712,82.99,74.0,42.0,10.74,PG,1665266485.0
harper,4.375,-7.7169,76.42,89.0,66.0,7.31,LR,1665266868.0
pangnirtung,66.1451,-65.7125,27.57,85.0,100.0,3.09,CA,1665266868.0
corpus christi,27.8006,-97.3964,91.49,43.0,40.0,10.36,US,1665266868.0
mount gambier,-37.8333,140.7667,49.77,70.0,69.0,3.49,AU,1665266513.0
saskylakh,71.9167,114.0833,14.31,98.0,92.0,2.86,RU,1665266398.0
pisco,-13.7,-76.2167,63.01,78.0,14.0,6.33,PE,1665266499.0
qaanaaq,77.484,-69.3632,7.81,67.0,97.0,10.6,GL,1665266456.0
sao filipe,14.8961,-24.4956,78.4,80.0,10.0,7.49,CV,1665266340.0
saldanha,-33.0117,17.9442,60.33,80.0,59.0,22.01,ZA,1665266868.0
qostanay,53.1667,63.5833,46.69,76.0,100.0,15.66,KZ,1665266808.0
flinders,-34.5833,150.8552,50.18,86.0,100.0,11.99,AU,1665266868.0
hilo,19.7297,-155.09,89.28,85.0,97.0,7.0,US,1665266399.0
thinadhoo,0.5333,72.9333,80.28,80.0,61.0,13.8,MV,1665266868.0
castro,-24.7911,-50.0119,58.21,81.0,0.0,4.63,BR,1665266472.0
kaa-khem,51.6833,94.7333,31.5,44.0,51.0,4.05,RU,1665266873.0
singaraja,-8.112,115.0882,78.91,83.0,100.0,5.26,ID,1665266873.0
jalu,29.0331,21.5482,69.73,44.0,0.0,11.07,LY,1665266874.0
bonthe,7.5264,-12.505,77.86,88.0,100.0,4.16,SL,1665266874.0
mahebourg,-20.4081,57.7,70.09,68.0,20.0,12.66,MU,1665266449.0
morgantown,39.6295,-79.9559,56.25,63.0,40.0,5.75,US,1665266874.0
talnakh,69.4865,88.3972,22.32,91.0,95.0,5.41,RU,1665266478.0
kahului,20.8947,-156.47,79.84,91.0,75.0,7.0,US,1665266471.0
twentynine palms,34.1356,-116.0542,91.54,24.0,14.0,5.73,US,1665266874.0
chokurdakh,70.6333,147.9167,21.88,90.0,100.0,18.21,RU,1665266470.0
villarrica,-25.75,-56.4333,69.15,79.0,0.0,2.59,PY,1665266762.0
dingle,10.9995,122.6711,75.9,92.0,76.0,6.29,PH,1665266462.0
carnarvon,-24.8667,113.6333,65.97,62.0,33.0,15.48,AU,1665266464.0
banda aceh,5.5577,95.3222,77.95,78.0,100.0,4.45,ID,1665266874.0
sawakin,19.1059,37.3321,83.12,76.0,4.0,6.6,SD,1665266874.0
cidreira,-30.1811,-50.2056,64.78,77.0,33.0,10.58,BR,1665266492.0
swift current,50.2834,-107.8014,68.63,27.0,98.0,9.62,CA,1665266874.0
zhigalovo,54.8097,105.1578,20.46,97.0,90.0,2.08,RU,1665266875.0
korla,41.7597,86.1469,58.01,29.0,100.0,7.7,CN,1665266515.0
hobyo,5.3505,48.5268,77.07,85.0,60.0,23.38,SO,1665266508.0
balugaon,20.1667,85.1,75.25,96.0,93.0,1.68,IN,1665266727.0
kaeo,-35.1,173.7833,62.33,77.0,95.0,12.1,NZ,1665266875.0
tagusao,9.1924,117.8141,79.81,81.0,72.0,3.8,PH,1665266875.0
saint george,37.1041,-113.5841,88.95,20.0,0.0,3.44,US,1665266453.0
lakes entrance,-37.8811,147.981,51.17,72.0,2.0,12.06,AU,1665266876.0
soyo,-6.1349,12.3689,76.86,84.0,66.0,8.57,AO,1665266876.0
taoudenni,22.6783,-3.9836,97.74,13.0,15.0,6.22,ML,1665266481.0
george town,5.4112,100.3354,79.23,89.0,20.0,9.22,MY,1665266746.0
marsa matruh,31.3525,27.2453,71.76,61.0,4.0,8.43,EG,1665266876.0
cabo san lucas,22.8909,-109.9124,93.61,61.0,2.0,6.42,MX,1665266488.0
bireun,5.203,96.7009,76.26,85.0,99.0,4.29,ID,1665266840.0
kutina,45.475,16.7819,55.56,86.0,100.0,2.53,HR,1665266832.0
culpeper,38.5004,-77.9664,58.41,51.0,0.0,4.61,US,1665266876.0
norman wells,65.282,-126.8329,51.84,58.0,40.0,11.5,CA,1665266397.0
luderitz,-26.6481,15.1594,62.47,69.0,77.0,12.15,NA,1665266876.0
hofn,64.2539,-15.2082,42.15,93.0,100.0,10.67,IS,1665266877.0
saint-philippe,-21.3585,55.7679,65.79,78.0,34.0,11.65,RE,1665266248.0
beibei,29.8256,106.4339,63.37,94.0,100.0,3.53,CN,1665266849.0
lusambo,-4.9667,23.45,68.85,96.0,96.0,1.66,CD,1665266877.0
upernavik,72.7868,-56.1549,21.74,93.0,100.0,10.67,GL,1665266467.0
beringovskiy,63.05,179.3167,30.43,52.0,4.0,5.55,RU,1665266340.0
chicama,-7.8447,-79.1469,59.54,70.0,65.0,9.4,PE,1665266877.0
mozarlandia,-14.7447,-50.5706,86.86,42.0,48.0,6.71,BR,1665266877.0
leo,11.1,-2.1,74.62,78.0,73.0,3.94,BF,1665266878.0
lazarev,52.225,141.5131,37.99,69.0,100.0,3.89,RU,1665266878.0
hasaki,35.7333,140.8333,59.4,58.0,99.0,17.96,JP,1665266445.0
iqaluit,63.7506,-68.5145,25.88,82.0,54.0,2.77,CA,1665266474.0
pafos,34.7667,32.4167,71.87,64.0,3.0,9.57,CY,1665266627.0
qandala,11.472,49.8728,83.79,45.0,4.0,4.97,SO,1665266883.0
san vicente,-26.6167,-54.1333,59.7,81.0,0.0,2.86,AR,1665266884.0
abaza,52.655,90.0928,35.22,69.0,52.0,4.94,RU,1665266838.0
volchikha,52.0333,80.3833,55.4,35.0,57.0,14.7,RU,1665266884.0
xining,36.6167,101.7667,30.33,45.0,72.0,1.9,CN,1665266884.0
tazovskiy,67.4667,78.7,37.08,98.0,100.0,6.26,RU,1665266471.0
kavaratti,10.5669,72.642,80.76,76.0,13.0,8.12,IN,1665266497.0
ilulissat,69.2167,-51.1,28.42,80.0,75.0,8.05,GL,1665266456.0
lagoa,39.05,-27.9833,70.07,93.0,48.0,14.12,PT,1665266477.0
pinhao,-25.6956,-51.6597,54.45,88.0,0.0,2.37,BR,1665266605.0
east london,-33.0153,27.9116,68.72,72.0,53.0,4.23,ZA,1665266469.0
rach gia,10.0167,105.0833,76.24,90.0,100.0,8.93,VN,1665266884.0
bilibino,68.0546,166.4372,13.55,96.0,100.0,7.96,RU,1665266885.0
tezu,27.9167,96.1667,72.61,93.0,97.0,2.51,IN,1665266885.0
khani,41.9563,42.9566,63.97,61.0,87.0,5.91,GE,1665266885.0
varhaug,58.6147,5.6457,47.89,74.0,38.0,8.93,NO,1665266885.0
idah,7.1065,6.7342,72.57,94.0,99.0,1.77,NG,1665266885.0
trzebiatow,54.0615,15.2648,50.86,86.0,2.0,16.04,PL,1665266689.0
labuhan,-6.8844,112.2051,77.76,86.0,100.0,10.16,ID,1665266480.0
santa maria del oro,25.9333,-105.3667,74.88,36.0,23.0,9.62,MX,1665266886.0
araouane,18.9048,-3.5265,94.96,14.0,27.0,7.76,ML,1665266493.0
geraldton,-28.7667,114.6,41.41,93.0,28.0,2.3,AU,1665266506.0
valenzuela,37.7756,-4.2204,75.58,51.0,3.0,2.04,ES,1665266886.0
dombarovskiy,50.7587,59.5386,42.96,88.0,6.0,8.81,RU,1665266887.0
bengkulu,-3.8004,102.2655,76.1,82.0,100.0,2.86,ID,1665266476.0
port-cartier,50.0334,-66.8654,41.76,51.0,72.0,10.0,CA,1665266887.0
clyde river,70.4692,-68.5914,11.41,89.0,20.0,4.16,CA,1665266497.0
guerrero negro,27.9769,-114.0611,78.12,61.0,2.0,12.55,MX,1665266502.0
vardo,70.3705,31.1107,40.98,87.0,20.0,9.22,NO,1665266887.0
chuy,-33.6971,-53.4616,54.93,89.0,100.0,9.95,UY,1665266398.0
comodoro rivadavia,-45.8667,-67.5,60.66,13.0,0.0,23.02,AR,1665266670.0
kampot,10.6167,104.1833,75.38,91.0,100.0,3.83,KH,1665266887.0
arlit,18.7369,7.3853,88.43,16.0,0.0,17.65,NE,1665266887.0
tomatlan,19.9333,-105.25,87.44,65.0,34.0,6.13,MX,1665266887.0
ampanihy,-24.7,44.75,76.28,40.0,0.0,3.29,MG,1665266887.0
cherskiy,68.75,161.3,19.8,91.0,100.0,20.18,RU,1665266474.0
riyadh,24.6877,46.7219,81.21,12.0,0.0,4.63,SA,1665266453.0
taunggyi,20.7833,97.0333,60.6,97.0,31.0,0.85,MM,1665266888.0
avarua,-21.2078,-159.775,77.05,65.0,40.0,16.11,CK,1665266397.0
visnes,59.3556,5.2242,48.25,87.0,40.0,11.5,NO,1665266888.0
svetlaya,46.5389,138.3297,42.26,56.0,44.0,3.58,RU,1665266888.0
baykit,61.67,96.37,36.61,98.0,100.0,5.26,RU,1665266888.0
sungaipenuh,-2.0833,101.3833,63.57,81.0,100.0,1.68,ID,1665266888.0
tateyama,34.9833,139.8667,62.1,75.0,100.0,14.03,JP,1665266888.0
casablanca,33.5928,-7.6192,71.82,83.0,32.0,5.99,MA,1665266733.0
padang,-0.9492,100.3543,76.68,79.0,100.0,4.16,ID,1665266893.0
mogadishu,2.0371,45.3438,76.89,85.0,32.0,13.58,SO,1665266819.0
hobe sound,27.0595,-80.1364,81.01,77.0,100.0,14.97,US,1665266894.0
mchinji,-13.7984,32.8802,66.27,30.0,0.0,4.76,MW,1665266894.0
morros,-9.4467,-46.3003,87.33,30.0,60.0,0.85,BR,1665266894.0
lompoc,34.6391,-120.4579,88.02,77.0,100.0,10.36,US,1665266464.0
bubaque,11.2833,-15.8333,81.52,77.0,92.0,5.32,GW,1665266894.0
preeceville,51.95,-102.6677,66.83,31.0,81.0,14.97,CA,1665266895.0
tarko-sale,64.9225,77.785,41.05,95.0,100.0,10.74,RU,1665266711.0
saint anthony,45.0205,-93.218,64.65,31.0,0.0,11.5,US,1665266895.0
caravelas,-17.7125,-39.2481,75.92,81.0,17.0,11.9,BR,1665266895.0
klaksvik,62.2266,-6.589,49.12,87.0,100.0,24.34,FO,1665266398.0
nadvoitsy,63.8667,34.3167,46.45,89.0,61.0,11.56,RU,1665266895.0
la asuncion,11.0333,-63.8628,81.36,79.0,100.0,13.22,VE,1665266895.0
san patricio,28.017,-97.5169,91.18,31.0,17.0,7.36,US,1665266479.0
canto do buriti,-8.11,-42.9444,91.02,26.0,54.0,4.97,BR,1665266895.0
muroto,33.2833,134.15,67.46,64.0,93.0,12.35,JP,1665266896.0
aklavik,68.2191,-135.0107,39.0,73.0,93.0,10.47,CA,1665266455.0
boa vista,2.8197,-60.6733,89.58,43.0,20.0,6.91,BR,1665266896.0
ponta do sol,32.6667,-17.1,71.01,60.0,39.0,6.46,PT,1665266487.0
jizan,17.3333,42.6667,86.58,62.0,11.0,1.72,SA,1665266849.0
brewster,41.3973,-73.6171,55.18,64.0,4.0,4.72,US,1665266896.0
belmonte,-15.8631,-38.8828,76.08,81.0,99.0,11.12,BR,1665266896.0
makubetsu,45.3714,141.8211,45.95,76.0,9.0,7.47,JP,1665266897.0
namatanai,-3.6667,152.4333,82.83,71.0,49.0,11.21,PG,1665266897.0
longyearbyen,78.2186,15.6401,39.04,75.0,75.0,11.5,SJ,1665266494.0
starosubkhangulovo,53.1031,57.4423,44.92,77.0,100.0,5.08,RU,1665266897.0
palmares do sul,-30.2578,-50.5097,64.33,71.0,24.0,5.19,BR,1665266897.0
makakilo city,21.3469,-158.0858,84.56,59.0,0.0,11.5,US,1665266897.0
pamplona,42.8169,-1.6432,57.11,88.0,0.0,2.3,ES,1665266897.0
alofi,-19.0595,-169.9187,75.29,84.0,100.0,26.49,NU,1665266456.0
batagay,67.6333,134.6333,17.33,94.0,100.0,3.58,RU,1665266897.0
mnogovershinnyy,53.9353,139.9242,25.29,71.0,40.0,4.63,RU,1665266897.0
stephenville crossing,48.5,-58.4318,53.73,94.0,100.0,9.22,CA,1665266898.0
champerico,14.3,-91.9167,83.39,75.0,81.0,4.38,GT,1665266898.0
sirsi,14.6167,74.85,65.84,98.0,87.0,1.25,IN,1665266898.0
bambous virieux,-20.3428,57.7575,70.05,68.0,20.0,12.66,MU,1665266481.0
okhotsk,59.3833,143.3,25.88,59.0,14.0,12.8,RU,1665266899.0
san cristobal,7.7669,-72.225,80.78,63.0,63.0,3.65,VE,1665266343.0
bud,39.447,-86.1758,58.05,44.0,4.0,8.16,US,1665266899.0
taltal,-25.4,-70.4833,60.37,77.0,14.0,4.54,CL,1665266896.0
atar,20.5169,-13.0499,91.83,21.0,14.0,7.74,MR,1665266899.0
lodja,-3.4833,23.4333,69.06,90.0,97.0,2.15,CD,1665266899.0
dubai,25.2582,55.3047,85.93,28.0,0.0,3.44,AE,1665266767.0
kieta,-6.2167,155.6333,82.6,65.0,39.0,5.93,PG,1665266517.0
bethel,41.3712,-73.414,55.94,64.0,4.0,5.01,US,1665266463.0
asau,46.4333,26.4,43.72,81.0,99.0,4.07,RO,1665266905.0
port elizabeth,-33.918,25.5701,64.31,87.0,6.0,8.01,ZA,1665266461.0
anadyr,64.75,177.4833,26.01,73.0,16.0,11.01,RU,1665266468.0
burnie,-41.0667,145.9167,48.94,60.0,6.0,6.89,AU,1665266906.0
breytovo,58.2993,37.8617,51.35,81.0,100.0,14.63,RU,1665266906.0
maltahohe,-24.8333,16.9833,74.55,20.0,19.0,8.3,NA,1665266907.0
havoysund,70.9963,24.6622,44.83,81.0,52.0,25.68,NO,1665266907.0
salalah,17.0151,54.0924,75.34,76.0,6.0,1.25,OM,1665266473.0
dikson,73.5069,80.5464,31.55,84.0,100.0,7.76,RU,1665266454.0
san felipe,10.3399,-68.7425,75.96,96.0,100.0,3.24,VE,1665266907.0
kasongo-lunda,-6.4667,16.8167,71.02,91.0,96.0,1.03,CD,1665266907.0
eidsvag,62.7767,8.0668,46.45,91.0,98.0,7.31,NO,1665266908.0
georgetown,5.4112,100.3354,79.23,89.0,20.0,9.22,MY,1665266448.0
kihei,20.785,-156.4656,87.82,77.0,40.0,12.66,US,1665266714.0
morondava,-20.2833,44.2833,74.53,88.0,3.0,1.21,MG,1665266908.0
meoqui,28.2833,-105.4833,75.54,43.0,82.0,2.46,MX,1665266908.0
isangel,-19.55,169.2667,77.54,76.0,67.0,19.13,VU,1665266463.0
matucana,-11.85,-76.4,64.06,54.0,62.0,8.23,PE,1665266908.0
gbarnga,6.9956,-9.4722,70.61,99.0,86.0,2.39,LR,1665266908.0
shimoda,34.6667,138.95,66.49,76.0,98.0,17.6,JP,1665266908.0
alta floresta,-9.8756,-56.0861,86.16,41.0,48.0,6.53,BR,1665266885.0
yavatmal,20.4,78.1333,72.57,91.0,23.0,4.83,IN,1665266909.0
hattiesburg,31.3271,-89.2903,81.09,42.0,0.0,11.5,US,1665266909.0
marsh harbour,26.5412,-77.0636,82.04,74.0,13.0,14.2,BS,1665266909.0
ketchikan,55.3422,-131.6461,54.07,94.0,100.0,10.36,US,1665266909.0
tura,25.5198,90.2201,71.92,95.0,92.0,2.62,IN,1665266460.0
linxia,35.6003,103.2064,33.78,53.0,86.0,0.54,CN,1665266636.0
los llanos de aridane,28.6585,-17.9182,69.55,73.0,100.0,14.97,ES,1665266909.0
byron bay,-28.65,153.6167,68.7,90.0,100.0,15.26,AU,1665266909.0
krasnoselkup,65.7,82.4667,38.61,94.0,100.0,7.52,RU,1665266909.0
yermakovskoye,53.2831,92.4003,32.4,69.0,41.0,3.18,RU,1665266674.0
xuddur,4.1213,43.8894,72.05,78.0,69.0,16.28,SO,1665266910.0
hamilton,39.1834,-84.5333,58.8,44.0,0.0,9.22,US,1665266762.0
coihaique,-45.5752,-72.0662,48.81,46.0,75.0,10.36,CL,1665266702.0
aguimes,27.9054,-15.4461,70.66,78.0,20.0,17.27,ES,1665266781.0
narsaq,60.9167,-46.05,32.22,65.0,3.0,8.34,GL,1665266461.0
pacific grove,36.6177,-121.9166,77.23,90.0,75.0,9.22,US,1665266910.0
agua dulce,18.1333,-94.1333,78.58,77.0,91.0,13.89,MX,1665266911.0
yumen,40.2833,97.2,31.32,38.0,0.0,12.71,CN,1665266911.0
constitucion,-35.3333,-72.4167,55.51,54.0,0.0,18.81,CL,1665266263.0
colesberg,-30.72,25.0972,69.03,13.0,0.0,3.49,ZA,1665266911.0
uige,-7.6087,15.0613,67.1,96.0,89.0,0.98,AO,1665266916.0
kollam,8.8833,76.6,76.05,90.0,18.0,7.92,IN,1665266916.0
sarai alamgir,32.9012,73.7559,71.4,66.0,0.0,2.86,PK,1665266916.0
rocha,-34.4833,-54.3333,54.32,57.0,97.0,14.12,UY,1665266452.0
buraydah,26.326,43.975,77.68,12.0,0.0,5.82,SA,1665266801.0
sokolniki,50.638,21.8065,58.19,86.0,95.0,7.2,PL,1665266777.0
nanortalik,60.1432,-45.2371,33.51,65.0,2.0,8.59,GL,1665266445.0
yarada,17.65,83.2667,79.12,94.0,75.0,2.3,IN,1665266917.0
fairbanks,64.8378,-147.7164,47.82,90.0,100.0,5.57,US,1665266483.0
barra do garcas,-15.89,-52.2567,87.6,37.0,88.0,0.29,BR,1665266917.0
ponta delgada,37.7333,-25.6667,71.51,83.0,75.0,6.91,PT,1665266514.0
qaqortoq,60.7167,-46.0333,29.26,58.0,3.0,7.56,GL,1665266451.0
mattawa,46.7379,-119.9028,84.02,37.0,2.0,3.0,US,1665266917.0
buchanan,5.8808,-10.0467,77.45,89.0,82.0,4.97,LR,1665266917.0
mariestad,58.7097,13.8237,44.51,95.0,0.0,8.63,SE,1665266917.0
sinnamary,5.3833,-52.95,80.37,84.0,53.0,11.72,GF,1665266918.0
port hardy,50.6996,-127.4199,51.98,100.0,100.0,4.61,CA,1665266399.0
bogorodskoye,56.55,37.8833,49.73,78.0,99.0,12.37,RU,1665266918.0
kinshasa,-4.3246,15.3215,75.63,80.0,33.0,2.68,CD,1665266745.0
rosetta,31.4044,30.4164,72.72,63.0,3.0,11.01,EG,1665266918.0
omboue,-1.5746,9.2618,76.39,90.0,56.0,5.73,GA,1665266918.0
shelburne,44.0787,-80.2041,47.75,64.0,51.0,16.37,CA,1665266919.0
mokhsogollokh,61.4681,128.9203,27.18,95.0,100.0,7.05,RU,1665266919.0
longjiang,47.3303,123.1836,35.74,54.0,100.0,16.71,CN,1665266919.0
batagay-alyta,67.8006,130.4114,17.56,83.0,100.0,4.9,RU,1665266919.0
coquimbo,-29.9533,-71.3436,58.73,82.0,0.0,11.5,CL,1665266674.0
palmaner,13.2,78.75,68.77,93.0,93.0,2.35,IN,1665266919.0
tuktoyaktuk,69.4541,-133.0374,37.54,69.0,78.0,12.64,CA,1665266448.0
llano de piedra,7.6667,-80.5667,73.9,99.0,100.0,1.07,PA,1665266919.0
el monte,34.0686,-118.0276,95.16,49.0,20.0,10.36,US,1665266919.0
lumina,44.2833,28.5667,55.0,76.0,0.0,8.05,RO,1665266687.0
staryy nadym,65.6118,72.6842,40.77,94.0,100.0,10.4,RU,1665266919.0
havre-saint-pierre,50.2334,-63.5986,44.64,63.0,36.0,22.93,CA,1665266919.0
tiksi,71.6872,128.8694,16.83,88.0,100.0,5.88,RU,1665266305.0
berlevag,70.8578,29.0864,42.8,87.0,40.0,10.36,NO,1665266509.0
laguna,38.421,-121.4238,96.35,26.0,0.0,3.0,US,1665266246.0
shahr-e kord,32.3256,50.8644,54.12,30.0,0.0,1.95,IR,1665266920.0
torbay,47.6666,-52.7314,54.57,96.0,100.0,4.61,CA,1665266470.0
ust-tsilma,65.441,52.1498,48.34,86.0,100.0,11.05,RU,1665266920.0
rio tinto,41.1826,-8.5581,67.35,87.0,20.0,0.0,PT,1665266920.0
rome,34.257,-85.1647,70.47,32.0,0.0,3.0,US,1665266920.0
kununurra,-15.7667,128.7333,84.18,54.0,40.0,9.22,AU,1665266920.0
samsun,41.25,36.3333,66.47,85.0,75.0,4.61,TR,1665266920.0
olinda,-8.0089,-34.8553,78.53,73.0,40.0,6.91,BR,1665266921.0
broome,42.2506,-75.833,52.63,61.0,8.0,5.01,US,1665266478.0
causapscal,48.3542,-67.227,38.48,64.0,43.0,2.44,CA,1665266921.0
chamalieres,45.7756,3.0631,45.32,93.0,0.0,4.61,FR,1665266921.0
bongandanga,1.5,21.05,70.07,92.0,30.0,1.43,CD,1665266926.0
shalinskoye,55.7228,93.7594,34.81,64.0,98.0,7.27,RU,1665266926.0
mandali,33.7499,45.5541,85.37,15.0,0.0,4.18,IQ,1665266926.0
christchurch,-43.5333,172.6333,64.47,56.0,4.0,6.91,NZ,1665266706.0
sao paulo de olivenca,-3.3783,-68.8725,76.84,96.0,85.0,1.83,BR,1665266926.0
gornopravdinsk,60.05,69.9,42.31,96.0,86.0,3.27,RU,1665266926.0
jinka,5.65,36.65,64.09,75.0,93.0,3.06,ET,1665266927.0
sorland,67.667,12.6934,46.26,64.0,98.0,30.06,NO,1665266800.0
mar del plata,-38.0023,-57.5575,50.02,75.0,75.0,17.27,AR,1665266068.0
berbera,10.4396,45.0143,86.63,66.0,14.0,5.68,SO,1665266927.0
mastic beach,40.7668,-72.8521,57.97,63.0,6.0,3.0,US,1665266927.0
sorong,-0.8833,131.25,78.93,84.0,100.0,4.09,ID,1665266927.0
camacha,33.0833,-16.3333,67.42,73.0,40.0,11.5,PT,1665266928.0
nortelandia,-14.4547,-56.8028,82.33,57.0,76.0,4.09,BR,1665266928.0
mahanoro,-19.9,48.8,66.74,78.0,39.0,2.24,MG,1665266928.0
sitka,57.0531,-135.33,60.66,87.0,100.0,7.02,US,1665266466.0
boyolangu,-8.1181,111.8935,75.13,95.0,100.0,3.8,ID,1665266929.0
birjand,32.8663,59.2211,51.84,12.0,0.0,6.15,IR,1665266929.0
giddalur,15.35,78.9167,74.17,94.0,100.0,4.07,IN,1665266929.0
tilichiki,60.4667,166.1,34.27,60.0,62.0,6.96,RU,1665266929.0
maumere,-8.6199,122.2111,81.14,82.0,44.0,4.16,ID,1665266929.0
minab,27.1467,57.0801,82.44,13.0,0.0,5.01,IR,1665266813.0
calbuco,-41.768,-73.1273,52.81,64.0,1.0,10.45,CL,1665266929.0
plettenberg bay,-34.0527,23.3716,59.27,80.0,12.0,4.68,ZA,1665266929.0
dabakala,8.3667,-4.4333,72.27,92.0,100.0,2.73,CI,1665266929.0
lavrentiya,65.5833,-171.0,31.39,53.0,2.0,12.68,RU,1665266930.0
sibolga,1.7427,98.7792,75.67,87.0,100.0,3.65,ID,1665266930.0
galle,6.0367,80.217,77.49,87.0,51.0,8.9,LK,1665266791.0
samarai,-10.6167,150.6667,82.08,79.0,92.0,9.75,PG,1665266930.0
teya,60.3778,92.6267,37.69,91.0,100.0,5.19,RU,1665266930.0
bairiki,1.3292,172.9752,87.8,70.0,20.0,17.27,KI,1665266930.0
zvishavane,-20.3267,30.0665,65.19,66.0,0.0,2.55,ZW,1665266930.0
jian,27.1172,114.9793,61.75,78.0,83.0,5.03,CN,1665266930.0
mayachnyy,52.6839,55.685,42.46,75.0,47.0,3.47,RU,1665266803.0
gravdal,68.1214,13.5031,47.19,68.0,100.0,29.26,NO,1665266931.0
baherden,38.4362,57.4316,61.27,22.0,0.0,5.19,TM,1665266931.0
nizhnyaya tavda,57.6731,66.1725,40.64,96.0,99.0,6.33,RU,1665266931.0
surt,31.2089,16.5887,73.85,59.0,0.0,8.25,LY,1665266931.0
olenegorsk,68.15,33.3,40.91,88.0,93.0,9.4,RU,1665266931.0
faya,18.3851,42.4509,63.55,24.0,6.0,4.47,SA,1665266478.0
saint-georges,12.0564,-61.7485,82.08,83.0,40.0,20.71,GD,1665266931.0
acari,-15.4311,-74.6158,70.88,54.0,10.0,6.38,PE,1665266931.0
moree,-29.4667,149.85,55.42,82.0,100.0,13.8,AU,1665266931.0
nishihara,26.1842,127.7558,76.28,78.0,40.0,8.05,JP,1665266932.0
tommot,58.9564,126.2925,28.58,88.0,99.0,8.19,RU,1665266932.0
ekibastuz,51.6667,75.3667,49.71,44.0,60.0,11.03,KZ,1665266932.0
masoko,-9.3333,33.75,65.68,57.0,2.0,4.07,TZ,1665266932.0
guaraniacu,-25.1008,-52.8781,57.13,88.0,0.0,2.19,BR,1665266932.0
krutikha,53.9599,81.2093,53.46,37.0,52.0,11.01,RU,1665266937.0
cockburn town,21.4612,-71.1419,82.74,75.0,4.0,21.39,TC,1665266711.0
kadur,13.5533,76.0131,70.57,84.0,92.0,2.48,IN,1665266937.0
kipushi,-11.7667,27.2333,62.96,25.0,0.0,3.56,CD,1665266937.0
sarahan,31.5167,77.8,54.01,83.0,56.0,3.38,IN,1665266937.0
tarakan,3.3,117.6333,79.74,83.0,100.0,5.73,ID,1665266938.0
necochea,-38.5473,-58.7368,45.55,68.0,78.0,26.53,AR,1665266938.0
lubango,-14.9172,13.4925,62.49,76.0,37.0,1.99,AO,1665266938.0
uyskoye,54.3775,60.0047,46.0,70.0,100.0,11.99,RU,1665266920.0
hervey bay,-25.2986,152.8535,73.02,86.0,75.0,5.01,AU,1665266938.0
waitati,-45.75,170.5667,57.16,54.0,79.0,2.57,NZ,1665266938.0
touros,-5.1989,-35.4608,77.77,82.0,2.0,14.94,BR,1665266460.0
esperance,-33.8667,121.9,55.65,52.0,0.0,10.8,AU,1665266456.0
andenes,69.3143,16.1194,44.58,76.0,75.0,24.16,NO,1665266938.0
ola,59.5833,151.2833,25.29,77.0,21.0,5.7,RU,1665266938.0
roma,43.2128,-75.4557,48.38,70.0,40.0,5.75,US,1665266828.0
cotonou,6.3654,2.4183,77.63,85.0,37.0,6.55,BJ,1665266939.0
genhe,50.7833,121.5167,20.26,72.0,2.0,1.7,CN,1665266939.0
abu samrah,35.3029,37.1841,66.7,68.0,18.0,7.02,SY,1665266939.0
canchungo,12.0672,-16.0333,77.14,88.0,97.0,1.52,GW,1665266939.0
buin,-33.7333,-70.75,70.21,46.0,4.0,9.91,CL,1665266788.0
talara,-4.5772,-81.2719,68.76,68.0,0.0,17.27,PE,1665266939.0
sola,-13.8833,167.55,80.83,75.0,22.0,12.68,VU,1665266939.0
feijo,-8.1642,-70.3536,85.12,57.0,59.0,3.29,BR,1665266940.0
nkhata bay,-11.6066,34.2907,72.99,49.0,0.0,5.7,MW,1665266940.0
shaunavon,49.6501,-108.4181,69.31,24.0,64.0,7.09,CA,1665266940.0
preobrazheniye,42.9019,133.9064,48.63,66.0,33.0,1.25,RU,1665266940.0
antropovo,58.3988,43.0066,47.61,86.0,100.0,10.07,RU,1665266940.0
puro,12.4841,123.3827,79.57,85.0,3.0,8.39,PH,1665266941.0
trairi,-3.2778,-39.2689,78.98,79.0,28.0,11.99,BR,1665266709.0
trinidad,-14.8333,-64.9,84.02,57.0,3.0,5.28,BO,1665266941.0
kalmanka,52.8992,83.5433,47.25,55.0,8.0,8.7,RU,1665266941.0
viedma,-40.8135,-62.9967,49.77,44.0,74.0,12.8,AR,1665266345.0
lodwar,3.1191,35.5973,85.48,34.0,98.0,15.28,KE,1665266941.0
port hedland,-20.3167,118.5667,66.25,55.0,0.0,4.61,AU,1665266484.0
menongue,-14.6585,17.691,65.53,21.0,1.0,4.16,AO,1665266941.0
salvador,13.8333,-88.9167,81.0,94.0,100.0,4.12,SV,1665266941.0
dali,25.7,100.1833,60.49,95.0,86.0,4.09,CN,1665266942.0
otjiwarongo,-20.4637,16.6477,71.42,12.0,0.0,10.47,NA,1665266942.0
arica,-18.475,-70.3042,65.75,63.0,0.0,8.05,CL,1665266942.0
vanimo,-2.6741,141.3028,79.16,89.0,59.0,6.2,PG,1665266508.0
rio gallegos,-51.6226,-69.2181,55.45,33.0,40.0,33.38,AR,1665266269.0
margate,51.3813,1.3862,49.3,83.0,6.0,7.31,GB,1665266833.0
high level,58.5169,-117.136,67.17,29.0,100.0,6.29,CA,1665266752.0
cloquet,46.7216,-92.4594,61.68,48.0,0.0,9.22,US,1665266942.0
nome,64.5011,-165.4064,37.17,88.0,100.0,9.95,US,1665266492.0
deputatskiy,69.3,139.9,14.45,87.0,100.0,10.94,RU,1665266516.0
eyl,7.9803,49.8164,78.12,79.0,23.0,13.89,SO,1665266947.0
kirakira,-10.4544,161.9205,84.43,68.0,9.0,8.41,SB,1665266480.0
yar-sale,66.8333,70.8333,40.26,93.0,100.0,7.49,RU,1665266844.0
verkhnevilyuysk,63.4453,120.3167,29.71,95.0,100.0,7.87,RU,1665266948.0
rawah,34.4816,41.9093,78.6,38.0,16.0,9.73,IQ,1665266948.0
acarau,-2.8856,-40.12,78.93,82.0,13.0,13.58,BR,1665266948.0
huangchuan,32.1272,115.0394,56.26,92.0,82.0,6.71,CN,1665266948.0
dossor,47.5272,52.9811,56.61,54.0,1.0,7.72,KZ,1665266948.0
mardin,37.3131,40.7436,66.34,48.0,95.0,6.17,TR,1665266789.0
kimbe,-5.5502,150.1429,82.29,66.0,78.0,1.25,PG,1665266948.0
victoria,22.2855,114.1577,79.32,85.0,23.0,8.99,HK,1665266272.0
matiri,-10.75,34.9,61.07,42.0,0.0,4.18,TZ,1665266949.0
aleksandrovka,46.8383,32.7612,56.84,69.0,61.0,7.76,UA,1665266949.0
bilma,18.6853,12.9164,85.41,19.0,11.0,5.7,NE,1665266949.0
acapulco,16.8634,-99.8901,85.82,74.0,40.0,9.22,MX,1665266727.0
urucara,-2.5364,-57.76,91.94,27.0,17.0,4.56,BR,1665266949.0
ramsar,36.9226,50.6426,71.64,79.0,54.0,3.42,IR,1665266949.0
general roca,-39.0333,-67.5833,64.62,16.0,1.0,18.34,AR,1665266949.0
jijiga,9.35,42.8,64.17,74.0,47.0,5.48,ET,1665266949.0
san carlos de bariloche,-41.1456,-71.3082,39.92,76.0,15.0,10.07,AR,1665266505.0
kitakata,37.65,139.8667,53.42,90.0,70.0,2.57,JP,1665266950.0
mareeba,-17.0,145.4333,76.48,77.0,26.0,2.98,AU,1665266950.0
linhares,-19.3911,-40.0722,74.64,89.0,79.0,4.29,BR,1665266659.0
sakakah,29.9697,40.2064,81.5,15.0,47.0,7.18,SA,1665266950.0
vestmanna,62.1564,-7.1664,47.32,93.0,75.0,19.57,FO,1665266950.0
tukums,56.9669,23.1553,49.35,95.0,94.0,6.93,LV,1665266781.0
peleduy,59.6289,112.7406,31.62,88.0,100.0,12.01,RU,1665266951.0
kandrian,-6.2167,149.55,81.46,74.0,100.0,2.55,PG,1665266951.0
abeche,13.8292,20.8324,86.36,25.0,23.0,10.94,TD,1665266951.0
codrington,-38.2667,141.9667,47.82,80.0,66.0,6.33,AU,1665266399.0
meulaboh,4.1363,96.1285,76.12,84.0,100.0,3.6,ID,1665266479.0
samfya,-11.3649,29.5565,73.22,31.0,0.0,13.51,ZM,1665266951.0
pathein,16.7833,94.7333,74.71,91.0,50.0,0.51,MM,1665266951.0
kishi,9.0833,3.85,73.18,92.0,93.0,2.17,NG,1665266951.0
novopokrovka,49.8425,36.5477,50.13,72.0,2.0,5.91,UA,1665266951.0
haines junction,60.7522,-137.5108,50.97,78.0,95.0,9.4,CA,1665266951.0
the valley,18.217,-63.0578,81.1,74.0,94.0,16.15,AI,1665266510.0
garden city,42.3256,-83.331,54.93,49.0,40.0,19.57,US,1665266952.0
grand gaube,-20.0064,57.6608,70.2,74.0,25.0,3.0,MU,1665266450.0
sao jose do egito,-7.4789,-37.2744,81.41,41.0,5.0,16.82,BR,1665266952.0
salekhard,66.53,66.6019,36.91,89.0,49.0,7.81,RU,1665266859.0
maputo,-25.9653,32.5892,69.48,88.0,0.0,4.61,MZ,1665266746.0
tambacounda,13.7539,-13.7586,83.28,65.0,90.0,3.02,SN,1665266952.0
ban tak,17.0432,99.0813,78.21,95.0,87.0,2.3,TH,1665266807.0
matara,5.9485,80.5353,75.76,91.0,53.0,7.29,LK,1665266957.0
mount pleasant,32.7941,-79.8626,75.34,80.0,0.0,11.5,US,1665266719.0
sao sebastiao,-23.76,-45.4097,68.97,92.0,100.0,8.1,BR,1665266659.0
celestun,20.8667,-90.4,81.9,72.0,63.0,15.52,MX,1665266957.0
baracoa,20.3467,-74.4958,82.38,80.0,38.0,10.16,CU,1665266958.0
zhanaozen,43.3,52.8,55.38,42.0,3.0,12.41,KZ,1665266958.0
hovd,48.0056,91.6419,29.8,42.0,4.0,1.57,MN,1665266958.0
sale,34.0389,-6.8166,70.48,100.0,40.0,5.75,MA,1665266758.0
vorontsovka,50.6132,40.3549,50.22,73.0,4.0,6.13,RU,1665266958.0
nantucket,41.2835,-70.0995,54.14,78.0,1.0,7.14,US,1665266303.0
portland,45.5234,-122.6762,88.99,45.0,0.0,4.0,US,1665266126.0
tarauaca,-8.1614,-70.7656,84.51,61.0,65.0,1.81,BR,1665266958.0
amapa,1.0,-52.0,89.53,38.0,31.0,6.58,BR,1665266958.0
kotido,2.9806,34.1331,69.21,67.0,100.0,5.3,UG,1665266958.0
erenhot,43.6475,111.9767,30.25,62.0,5.0,12.77,CN,1665266958.0
broken hill,-31.95,141.4333,50.81,60.0,0.0,11.14,AU,1665266959.0
bose,45.4612,8.0137,61.2,93.0,100.0,5.59,IT,1665266959.0
tuy hoa,13.0833,109.3,75.92,92.0,100.0,4.36,VN,1665266959.0
yarensk,62.1675,49.0916,48.2,81.0,100.0,11.63,RU,1665266959.0
otane,-39.8833,176.6333,58.1,60.0,27.0,2.08,NZ,1665266959.0
punta alta,-38.8759,-62.0736,52.47,41.0,95.0,16.98,AR,1665266959.0
buritis,-15.6178,-46.4233,82.27,46.0,78.0,4.23,BR,1665266959.0
zavyalovo,54.5053,82.4484,51.8,46.0,15.0,17.38,RU,1665266959.0
santa cruz,-17.8,-63.1667,81.86,54.0,0.0,18.41,BO,1665266960.0
chernyshevskiy,63.0128,112.4714,30.79,96.0,100.0,11.41,RU,1665266960.0
arman,59.7,150.1667,25.63,74.0,36.0,4.81,RU,1665266960.0
ajalpan,18.3667,-97.25,75.69,54.0,53.0,10.83,MX,1665266960.0
hambantota,6.1241,81.1185,79.14,89.0,40.0,2.3,LK,1665266465.0
alice town,25.7167,-79.3,81.68,79.0,8.0,14.16,BS,1665266960.0
limoges,45.75,1.3333,54.16,82.0,0.0,12.66,FR,1665266744.0
nara,34.6851,135.8049,57.49,67.0,99.0,4.0,JP,1665266738.0
progreso,21.2833,-89.6667,86.11,71.0,38.0,14.05,MX,1665266961.0
southaven,34.989,-90.0126,70.92,31.0,0.0,9.22,US,1665266961.0
tual,-5.6667,132.75,83.55,76.0,98.0,15.9,ID,1665266961.0
cartagena,10.3997,-75.5144,78.42,94.0,100.0,4.61,CO,1665266961.0
zaranj,30.9667,61.8833,64.49,13.0,0.0,18.63,AF,1665266961.0
axim,4.8699,-2.2405,76.35,86.0,100.0,6.87,GH,1665266474.0
bojnurd,37.4747,57.329,57.4,44.0,0.0,4.68,IR,1665266962.0
kuala kedah,6.1,100.3,77.27,84.0,99.0,2.68,MY,1665266962.0
norfolk,42.1668,-71.2495,58.48,60.0,0.0,5.75,US,1665266962.0
cabedelo,-6.9811,-34.8339,77.67,81.0,3.0,12.44,BR,1665266962.0
udachnyy,66.4167,112.4,30.45,92.0,100.0,5.26,RU,1665266962.0
mattru,7.6244,-11.8332,73.85,97.0,100.0,1.86,SL,1665266967.0
el alto,-4.2714,-81.2147,65.86,78.0,47.0,22.12,PE,1665266967.0
bijawar,24.6333,79.5,74.16,89.0,97.0,7.63,IN,1665266967.0
port macquarie,-31.4333,152.9167,64.89,82.0,99.0,21.79,AU,1665266967.0
kachug,53.9606,105.8817,21.52,93.0,60.0,1.61,RU,1665266968.0
milicz,51.5277,17.2714,53.11,77.0,43.0,10.45,PL,1665266938.0
falmouth,50.1544,-5.0711,50.58,81.0,66.0,3.44,GB,1665266968.0
strezhevoy,60.7333,77.5889,42.69,92.0,100.0,3.56,RU,1665266968.0
manado,1.487,124.8455,75.97,100.0,40.0,3.44,ID,1665266968.0
amuntai,-2.4177,115.2494,73.45,99.0,98.0,0.74,ID,1665266968.0
batemans bay,-35.7167,150.1833,51.1,82.0,99.0,7.56,AU,1665266968.0
astoria,46.1879,-123.8313,73.47,79.0,0.0,8.05,US,1665266673.0
